date,note,entity
2025-01-01,"Demo row 001 - sprint update for Alice Chen",Alice Chen
2025-01-02,"Demo row 002 - coffee catch up for Bob Martinez",Bob Martinez
2025-01-03,"Demo row 003 - project status note for Sarah Kim",Sarah Kim
2025-01-04,"Demo row 004 - workout log for David Patel",David Patel
2025-01-05,"Demo row 005 - sleep reflection for Mia Johnson",Mia Johnson
2025-01-06,"Demo row 006 - career planning note for Noah Wilson",Noah Wilson
2025-01-07,"Demo row 007 - nutrition check in for Emma Davis",Emma Davis
2025-01-08,"Demo row 008 - weekly sync for Liam Brown",Liam Brown
2025-01-09,"Demo row 009 - offer research for Olivia Taylor",Olivia Taylor
2025-01-10,"Demo row 010 - relocation thoughts for Ethan Clark",Ethan Clark
2025-01-11,"Demo row 011 - budget review for Ava Moore",Ava Moore
2025-01-12,"Demo row 012 - reading note for Sophia Hall",Sophia Hall
2025-01-13,"Demo row 013 - family update for Jackson Lee",Jackson Lee
2025-01-14,"Demo row 014 - travel planning for Isabella Young",Isabella Young
2025-01-15,"Demo row 015 - goal review for Lucas King",Lucas King
2025-01-16,"Demo row 016 - meeting recap for Amelia Scott",Amelia Scott
2025-01-17,"Demo row 017 - bug triage for Benjamin Wright",Benjamin Wright
2025-01-18,"Demo row 018 - habit tracker for Charlotte Green",Charlotte Green
2025-01-19,"Demo row 019 - brain dump for Henry Adams",Henry Adams
2025-01-20,"Demo row 020 - gratitude note for Harper Baker",Harper Baker
2025-01-21,"Demo row 021 - sprint update for Alice Chen",Alice Chen
2025-01-22,"Demo row 022 - coffee catch up for Bob Martinez",Bob Martinez
2025-01-23,"Demo row 023 - project status note for Sarah Kim",Sarah Kim
2025-01-24,"Demo row 024 - workout log for David Patel",David Patel
2025-01-25,"Demo row 025 - sleep reflection for Mia Johnson",Mia Johnson
2025-01-26,"Demo row 026 - career planning note for Noah Wilson",Noah Wilson
2025-01-27,"Demo row 027 - nutrition check in for Emma Davis",Emma Davis
2025-01-28,"Demo row 028 - weekly sync for Liam Brown",Liam Brown
2025-01-29,"Demo row 029 - offer research for Olivia Taylor",Olivia Taylor
2025-01-30,"Demo row 030 - relocation thoughts for Ethan Clark",Ethan Clark
2025-01-31,"Demo row 031 - budget review for Ava Moore",Ava Moore
2025-02-01,"Demo row 032 - reading note for Sophia Hall",Sophia Hall
2025-02-02,"Demo row 033 - family update for Jackson Lee",Jackson Lee
2025-02-03,"Demo row 034 - travel planning for Isabella Young",Isabella Young
2025-02-04,"Demo row 035 - goal review for Lucas King",Lucas King
2025-02-05,"Demo row 036 - meeting recap for Amelia Scott",Amelia Scott
2025-02-06,"Demo row 037 - bug triage for Benjamin Wright",Benjamin Wright
2025-02-07,"Demo row 038 - habit tracker for Charlotte Green",Charlotte Green
2025-02-08,"Demo row 039 - brain dump for Henry Adams",Henry Adams
2025-02-09,"Demo row 040 - gratitude note for Harper Baker",Harper Baker
2025-02-10,"Demo row 041 - sprint update for Alice Chen",Alice Chen
2025-02-11,"Demo row 042 - coffee catch up for Bob Martinez",Bob Martinez
2025-02-12,"Demo row 043 - project status note for Sarah Kim",Sarah Kim
2025-02-13,"Demo row 044 - workout log for David Patel",David Patel
2025-02-14,"Demo row 045 - sleep reflection for Mia Johnson",Mia Johnson
2025-02-15,"Demo row 046 - career planning note for Noah Wilson",Noah Wilson
2025-02-16,"Demo row 047 - nutrition check in for Emma Davis",Emma Davis
2025-02-17,"Demo row 048 - weekly sync for Liam Brown",Liam Brown
2025-02-18,"Demo row 049 - offer research for Olivia Taylor",Olivia Taylor
2025-02-19,"Demo row 050 - relocation thoughts for Ethan Clark",Ethan Clark
2025-02-20,"Demo row 051 - budget review for Ava Moore",Ava Moore
2025-02-21,"Demo row 052 - reading note for Sophia Hall",Sophia Hall
2025-02-22,"Demo row 053 - family update for Jackson Lee",Jackson Lee
2025-02-23,"Demo row 054 - travel planning for Isabella Young",Isabella Young
2025-02-24,"Demo row 055 - goal review for Lucas King",Lucas King
2025-02-25,"Demo row 056 - meeting recap for Amelia Scott",Amelia Scott
2025-02-26,"Demo row 057 - bug triage for Benjamin Wright",Benjamin Wright
2025-02-27,"Demo row 058 - habit tracker for Charlotte Green",Charlotte Green
2025-02-28,"Demo row 059 - brain dump for Henry Adams",Henry Adams
2025-03-01,"Demo row 060 - gratitude note for Harper Baker",Harper Baker
2025-03-02,"Demo row 061 - sprint update for Alice Chen",Alice Chen
2025-03-03,"Demo row 062 - coffee catch up for Bob Martinez",Bob Martinez
2025-03-04,"Demo row 063 - project status note for Sarah Kim",Sarah Kim
2025-03-05,"Demo row 064 - workout log for David Patel",David Patel
2025-03-06,"Demo row 065 - sleep reflection for Mia Johnson",Mia Johnson
2025-03-07,"Demo row 066 - career planning note for Noah Wilson",Noah Wilson
2025-03-08,"Demo row 067 - nutrition check in for Emma Davis",Emma Davis
2025-03-09,"Demo row 068 - weekly sync for Liam Brown",Liam Brown
2025-03-10,"Demo row 069 - offer research for Olivia Taylor",Olivia Taylor
2025-03-11,"Demo row 070 - relocation thoughts for Ethan Clark",Ethan Clark
2025-03-12,"Demo row 071 - budget review for Ava Moore",Ava Moore
2025-03-13,"Demo row 072 - reading note for Sophia Hall",Sophia Hall
2025-03-14,"Demo row 073 - family update for Jackson Lee",Jackson Lee
2025-03-15,"Demo row 074 - travel planning for Isabella Young",Isabella Young
2025-03-16,"Demo row 075 - goal review for Lucas King",Lucas King
2025-03-17,"Demo row 076 - meeting recap for Amelia Scott",Amelia Scott
2025-03-18,"Demo row 077 - bug triage for Benjamin Wright",Benjamin Wright
2025-03-19,"Demo row 078 - habit tracker for Charlotte Green",Charlotte Green
2025-03-20,"Demo row 079 - brain dump for Henry Adams",Henry Adams
2025-03-21,"Demo row 080 - gratitude note for Harper Baker",Harper Baker
2025-03-22,"Demo row 081 - sprint update for Alice Chen",Alice Chen
2025-03-23,"Demo row 082 - coffee catch up for Bob Martinez",Bob Martinez
2025-03-24,"Demo row 083 - project status note for Sarah Kim",Sarah Kim
2025-03-25,"Demo row 084 - workout log for David Patel",David Patel
2025-03-26,"Demo row 085 - sleep reflection for Mia Johnson",Mia Johnson
2025-03-27,"Demo row 086 - career planning note for Noah Wilson",Noah Wilson
2025-03-28,"Demo row 087 - nutrition check in for Emma Davis",Emma Davis
2025-03-29,"Demo row 088 - weekly sync for Liam Brown",Liam Brown
2025-03-30,"Demo row 089 - offer research for Olivia Taylor",Olivia Taylor
2025-03-31,"Demo row 090 - relocation thoughts for Ethan Clark",Ethan Clark
2025-04-01,"Demo row 091 - budget review for Ava Moore",Ava Moore
2025-04-02,"Demo row 092 - reading note for Sophia Hall",Sophia Hall
2025-04-03,"Demo row 093 - family update for Jackson Lee",Jackson Lee
2025-04-04,"Demo row 094 - travel planning for Isabella Young",Isabella Young
2025-04-05,"Demo row 095 - goal review for Lucas King",Lucas King
2025-04-06,"Demo row 096 - meeting recap for Amelia Scott",Amelia Scott
2025-04-07,"Demo row 097 - bug triage for Benjamin Wright",Benjamin Wright
2025-04-08,"Demo row 098 - habit tracker for Charlotte Green",Charlotte Green
2025-04-09,"Demo row 099 - brain dump for Henry Adams",Henry Adams
2025-04-10,"Demo row 100 - gratitude note for Harper Baker",Harper Baker
2025-04-11,"Demo row 101 - sprint update for Alice Chen",Alice Chen
2025-04-12,"Demo row 102 - coffee catch up for Bob Martinez",Bob Martinez
2025-04-13,"Demo row 103 - project status note for Sarah Kim",Sarah Kim
2025-04-14,"Demo row 104 - workout log for David Patel",David Patel
2025-04-15,"Demo row 105 - sleep reflection for Mia Johnson",Mia Johnson
2025-04-16,"Demo row 106 - career planning note for Noah Wilson",Noah Wilson
2025-04-17,"Demo row 107 - nutrition check in for Emma Davis",Emma Davis
2025-04-18,"Demo row 108 - weekly sync for Liam Brown",Liam Brown
2025-04-19,"Demo row 109 - offer research for Olivia Taylor",Olivia Taylor
2025-04-20,"Demo row 110 - relocation thoughts for Ethan Clark",Ethan Clark
2025-04-21,"Demo row 111 - budget review for Ava Moore",Ava Moore
2025-04-22,"Demo row 112 - reading note for Sophia Hall",Sophia Hall
2025-04-23,"Demo row 113 - family update for Jackson Lee",Jackson Lee
2025-04-24,"Demo row 114 - travel planning for Isabella Young",Isabella Young
2025-04-25,"Demo row 115 - goal review for Lucas King",Lucas King
2025-04-26,"Demo row 116 - meeting recap for Amelia Scott",Amelia Scott
2025-04-27,"Demo row 117 - bug triage for Benjamin Wright",Benjamin Wright
2025-04-28,"Demo row 118 - habit tracker for Charlotte Green",Charlotte Green
2025-04-29,"Demo row 119 - brain dump for Henry Adams",Henry Adams
2025-04-30,"Demo row 120 - gratitude note for Harper Baker",Harper Baker
2025-05-01,"Demo row 121 - sprint update for Alice Chen",Alice Chen
2025-05-02,"Demo row 122 - coffee catch up for Bob Martinez",Bob Martinez
2025-05-03,"Demo row 123 - project status note for Sarah Kim",Sarah Kim
2025-05-04,"Demo row 124 - workout log for David Patel",David Patel
2025-05-05,"Demo row 125 - sleep reflection for Mia Johnson",Mia Johnson
2025-05-06,"Demo row 126 - career planning note for Noah Wilson",Noah Wilson
2025-05-07,"Demo row 127 - nutrition check in for Emma Davis",Emma Davis
2025-05-08,"Demo row 128 - weekly sync for Liam Brown",Liam Brown
2025-05-09,"Demo row 129 - offer research for Olivia Taylor",Olivia Taylor
2025-05-10,"Demo row 130 - relocation thoughts for Ethan Clark",Ethan Clark
2025-05-11,"Demo row 131 - budget review for Ava Moore",Ava Moore
2025-05-12,"Demo row 132 - reading note for Sophia Hall",Sophia Hall
2025-05-13,"Demo row 133 - family update for Jackson Lee",Jackson Lee
2025-05-14,"Demo row 134 - travel planning for Isabella Young",Isabella Young
2025-05-15,"Demo row 135 - goal review for Lucas King",Lucas King
2025-05-16,"Demo row 136 - meeting recap for Amelia Scott",Amelia Scott
2025-05-17,"Demo row 137 - bug triage for Benjamin Wright",Benjamin Wright
2025-05-18,"Demo row 138 - habit tracker for Charlotte Green",Charlotte Green
2025-05-19,"Demo row 139 - brain dump for Henry Adams",Henry Adams
2025-05-20,"Demo row 140 - gratitude note for Harper Baker",Harper Baker
2025-05-21,"Demo row 141 - sprint update for Alice Chen",Alice Chen
2025-05-22,"Demo row 142 - coffee catch up for Bob Martinez",Bob Martinez
2025-05-23,"Demo row 143 - project status note for Sarah Kim",Sarah Kim
2025-05-24,"Demo row 144 - workout log for David Patel",David Patel
2025-05-25,"Demo row 145 - sleep reflection for Mia Johnson",Mia Johnson
2025-05-26,"Demo row 146 - career planning note for Noah Wilson",Noah Wilson
2025-05-27,"Demo row 147 - nutrition check in for Emma Davis",Emma Davis
2025-05-28,"Demo row 148 - weekly sync for Liam Brown",Liam Brown
2025-05-29,"Demo row 149 - offer research for Olivia Taylor",Olivia Taylor
2025-05-30,"Demo row 150 - relocation thoughts for Ethan Clark",Ethan Clark
2025-05-31,"Demo row 151 - budget review for Ava Moore",Ava Moore
2025-06-01,"Demo row 152 - reading note for Sophia Hall",Sophia Hall
2025-06-02,"Demo row 153 - family update for Jackson Lee",Jackson Lee
2025-06-03,"Demo row 154 - travel planning for Isabella Young",Isabella Young
2025-06-04,"Demo row 155 - goal review for Lucas King",Lucas King
2025-06-05,"Demo row 156 - meeting recap for Amelia Scott",Amelia Scott
2025-06-06,"Demo row 157 - bug triage for Benjamin Wright",Benjamin Wright
2025-06-07,"Demo row 158 - habit tracker for Charlotte Green",Charlotte Green
2025-06-08,"Demo row 159 - brain dump for Henry Adams",Henry Adams
2025-06-09,"Demo row 160 - gratitude note for Harper Baker",Harper Baker
2025-06-10,"Demo row 161 - sprint update for Alice Chen",Alice Chen
2025-06-11,"Demo row 162 - coffee catch up for Bob Martinez",Bob Martinez
2025-06-12,"Demo row 163 - project status note for Sarah Kim",Sarah Kim
2025-06-13,"Demo row 164 - workout log for David Patel",David Patel
2025-06-14,"Demo row 165 - sleep reflection for Mia Johnson",Mia Johnson
2025-06-15,"Demo row 166 - career planning note for Noah Wilson",Noah Wilson
2025-06-16,"Demo row 167 - nutrition check in for Emma Davis",Emma Davis
2025-06-17,"Demo row 168 - weekly sync for Liam Brown",Liam Brown
2025-06-18,"Demo row 169 - offer research for Olivia Taylor",Olivia Taylor
2025-06-19,"Demo row 170 - relocation thoughts for Ethan Clark",Ethan Clark
2025-06-20,"Demo row 171 - budget review for Ava Moore",Ava Moore
2025-06-21,"Demo row 172 - reading note for Sophia Hall",Sophia Hall
2025-06-22,"Demo row 173 - family update for Jackson Lee",Jackson Lee
2025-06-23,"Demo row 174 - travel planning for Isabella Young",Isabella Young
2025-06-24,"Demo row 175 - goal review for Lucas King",Lucas King
2025-06-25,"Demo row 176 - meeting recap for Amelia Scott",Amelia Scott
2025-06-26,"Demo row 177 - bug triage for Benjamin Wright",Benjamin Wright
2025-06-27,"Demo row 178 - habit tracker for Charlotte Green",Charlotte Green
2025-06-28,"Demo row 179 - brain dump for Henry Adams",Henry Adams
2025-06-29,"Demo row 180 - gratitude note for Harper Baker",Harper Baker
2025-06-30,"Demo row 181 - sprint update for Alice Chen",Alice Chen
2025-07-01,"Demo row 182 - coffee catch up for Bob Martinez",Bob Martinez
2025-07-02,"Demo row 183 - project status note for Sarah Kim",Sarah Kim
2025-07-03,"Demo row 184 - workout log for David Patel",David Patel
2025-07-04,"Demo row 185 - sleep reflection for Mia Johnson",Mia Johnson
2025-07-05,"Demo row 186 - career planning note for Noah Wilson",Noah Wilson
2025-07-06,"Demo row 187 - nutrition check in for Emma Davis",Emma Davis
2025-07-07,"Demo row 188 - weekly sync for Liam Brown",Liam Brown
2025-07-08,"Demo row 189 - offer research for Olivia Taylor",Olivia Taylor
2025-07-09,"Demo row 190 - relocation thoughts for Ethan Clark",Ethan Clark
2025-07-10,"Demo row 191 - budget review for Ava Moore",Ava Moore
2025-07-11,"Demo row 192 - reading note for Sophia Hall",Sophia Hall
2025-07-12,"Demo row 193 - family update for Jackson Lee",Jackson Lee
2025-07-13,"Demo row 194 - travel planning for Isabella Young",Isabella Young
2025-07-14,"Demo row 195 - goal review for Lucas King",Lucas King
2025-07-15,"Demo row 196 - meeting recap for Amelia Scott",Amelia Scott
2025-07-16,"Demo row 197 - bug triage for Benjamin Wright",Benjamin Wright
2025-07-17,"Demo row 198 - habit tracker for Charlotte Green",Charlotte Green
2025-07-18,"Demo row 199 - brain dump for Henry Adams",Henry Adams
2025-07-19,"Demo row 200 - gratitude note for Harper Baker",Harper Baker
2025-07-20,"Demo row 201 - sprint update for Alice Chen",Alice Chen
2025-07-21,"Demo row 202 - coffee catch up for Bob Martinez",Bob Martinez
2025-07-22,"Demo row 203 - project status note for Sarah Kim",Sarah Kim
2025-07-23,"Demo row 204 - workout log for David Patel",David Patel
2025-07-24,"Demo row 205 - sleep reflection for Mia Johnson",Mia Johnson
2025-07-25,"Demo row 206 - career planning note for Noah Wilson",Noah Wilson
2025-07-26,"Demo row 207 - nutrition check in for Emma Davis",Emma Davis
2025-07-27,"Demo row 208 - weekly sync for Liam Brown",Liam Brown
2025-07-28,"Demo row 209 - offer research for Olivia Taylor",Olivia Taylor
2025-07-29,"Demo row 210 - relocation thoughts for Ethan Clark",Ethan Clark
2025-07-30,"Demo row 211 - budget review for Ava Moore",Ava Moore
2025-07-31,"Demo row 212 - reading note for Sophia Hall",Sophia Hall
2025-08-01,"Demo row 213 - family update for Jackson Lee",Jackson Lee
2025-08-02,"Demo row 214 - travel planning for Isabella Young",Isabella Young
2025-08-03,"Demo row 215 - goal review for Lucas King",Lucas King
2025-08-04,"Demo row 216 - meeting recap for Amelia Scott",Amelia Scott
2025-08-05,"Demo row 217 - bug triage for Benjamin Wright",Benjamin Wright
2025-08-06,"Demo row 218 - habit tracker for Charlotte Green",Charlotte Green
2025-08-07,"Demo row 219 - brain dump for Henry Adams",Henry Adams
2025-08-08,"Demo row 220 - gratitude note for Harper Baker",Harper Baker
2025-08-09,"Demo row 221 - sprint update for Alice Chen",Alice Chen
2025-08-10,"Demo row 222 - coffee catch up for Bob Martinez",Bob Martinez
2025-08-11,"Demo row 223 - project status note for Sarah Kim",Sarah Kim
2025-08-12,"Demo row 224 - workout log for David Patel",David Patel
2025-08-13,"Demo row 225 - sleep reflection for Mia Johnson",Mia Johnson
2025-08-14,"Demo row 226 - career planning note for Noah Wilson",Noah Wilson
2025-08-15,"Demo row 227 - nutrition check in for Emma Davis",Emma Davis
2025-08-16,"Demo row 228 - weekly sync for Liam Brown",Liam Brown
2025-08-17,"Demo row 229 - offer research for Olivia Taylor",Olivia Taylor
2025-08-18,"Demo row 230 - relocation thoughts for Ethan Clark",Ethan Clark
2025-08-19,"Demo row 231 - budget review for Ava Moore",Ava Moore
2025-08-20,"Demo row 232 - reading note for Sophia Hall",Sophia Hall
2025-08-21,"Demo row 233 - family update for Jackson Lee",Jackson Lee
2025-08-22,"Demo row 234 - travel planning for Isabella Young",Isabella Young
2025-08-23,"Demo row 235 - goal review for Lucas King",Lucas King
2025-08-24,"Demo row 236 - meeting recap for Amelia Scott",Amelia Scott
2025-08-25,"Demo row 237 - bug triage for Benjamin Wright",Benjamin Wright
2025-08-26,"Demo row 238 - habit tracker for Charlotte Green",Charlotte Green
2025-08-27,"Demo row 239 - brain dump for Henry Adams",Henry Adams
2025-08-28,"Demo row 240 - gratitude note for Harper Baker",Harper Baker
2025-08-29,"Demo row 241 - sprint update for Alice Chen",Alice Chen
2025-08-30,"Demo row 242 - coffee catch up for Bob Martinez",Bob Martinez
2025-08-31,"Demo row 243 - project status note for Sarah Kim",Sarah Kim
2025-09-01,"Demo row 244 - workout log for David Patel",David Patel
2025-09-02,"Demo row 245 - sleep reflection for Mia Johnson",Mia Johnson
2025-09-03,"Demo row 246 - career planning note for Noah Wilson",Noah Wilson
2025-09-04,"Demo row 247 - nutrition check in for Emma Davis",Emma Davis
2025-09-05,"Demo row 248 - weekly sync for Liam Brown",Liam Brown
2025-09-06,"Demo row 249 - offer research for Olivia Taylor",Olivia Taylor
2025-09-07,"Demo row 250 - relocation thoughts for Ethan Clark",Ethan Clark
2025-09-08,"Demo row 251 - budget review for Ava Moore",Ava Moore
2025-09-09,"Demo row 252 - reading note for Sophia Hall",Sophia Hall
2025-09-10,"Demo row 253 - family update for Jackson Lee",Jackson Lee
2025-09-11,"Demo row 254 - travel planning for Isabella Young",Isabella Young
2025-09-12,"Demo row 255 - goal review for Lucas King",Lucas King
2025-09-13,"Demo row 256 - meeting recap for Amelia Scott",Amelia Scott
2025-09-14,"Demo row 257 - bug triage for Benjamin Wright",Benjamin Wright
2025-09-15,"Demo row 258 - habit tracker for Charlotte Green",Charlotte Green
2025-09-16,"Demo row 259 - brain dump for Henry Adams",Henry Adams
2025-09-17,"Demo row 260 - gratitude note for Harper Baker",Harper Baker
2025-09-18,"Demo row 261 - sprint update for Alice Chen",Alice Chen
2025-09-19,"Demo row 262 - coffee catch up for Bob Martinez",Bob Martinez
2025-09-20,"Demo row 263 - project status note for Sarah Kim",Sarah Kim
2025-09-21,"Demo row 264 - workout log for David Patel",David Patel
2025-09-22,"Demo row 265 - sleep reflection for Mia Johnson",Mia Johnson
2025-09-23,"Demo row 266 - career planning note for Noah Wilson",Noah Wilson
2025-09-24,"Demo row 267 - nutrition check in for Emma Davis",Emma Davis
2025-09-25,"Demo row 268 - weekly sync for Liam Brown",Liam Brown
2025-09-26,"Demo row 269 - offer research for Olivia Taylor",Olivia Taylor
2025-09-27,"Demo row 270 - relocation thoughts for Ethan Clark",Ethan Clark
2025-09-28,"Demo row 271 - budget review for Ava Moore",Ava Moore
2025-09-29,"Demo row 272 - reading note for Sophia Hall",Sophia Hall
2025-09-30,"Demo row 273 - family update for Jackson Lee",Jackson Lee
2025-10-01,"Demo row 274 - travel planning for Isabella Young",Isabella Young
2025-10-02,"Demo row 275 - goal review for Lucas King",Lucas King
2025-10-03,"Demo row 276 - meeting recap for Amelia Scott",Amelia Scott
2025-10-04,"Demo row 277 - bug triage for Benjamin Wright",Benjamin Wright
2025-10-05,"Demo row 278 - habit tracker for Charlotte Green",Charlotte Green
2025-10-06,"Demo row 279 - brain dump for Henry Adams",Henry Adams
2025-10-07,"Demo row 280 - gratitude note for Harper Baker",Harper Baker
2025-10-08,"Demo row 281 - sprint update for Alice Chen",Alice Chen
2025-10-09,"Demo row 282 - coffee catch up for Bob Martinez",Bob Martinez
2025-10-10,"Demo row 283 - project status note for Sarah Kim",Sarah Kim
2025-10-11,"Demo row 284 - workout log for David Patel",David Patel
2025-10-12,"Demo row 285 - sleep reflection for Mia Johnson",Mia Johnson
2025-10-13,"Demo row 286 - career planning note for Noah Wilson",Noah Wilson
2025-10-14,"Demo row 287 - nutrition check in for Emma Davis",Emma Davis
2025-10-15,"Demo row 288 - weekly sync for Liam Brown",Liam Brown
2025-10-16,"Demo row 289 - offer research for Olivia Taylor",Olivia Taylor
2025-10-17,"Demo row 290 - relocation thoughts for Ethan Clark",Ethan Clark
2025-10-18,"Demo row 291 - budget review for Ava Moore",Ava Moore
2025-10-19,"Demo row 292 - reading note for Sophia Hall",Sophia Hall
2025-10-20,"Demo row 293 - family update for Jackson Lee",Jackson Lee
2025-10-21,"Demo row 294 - travel planning for Isabella Young",Isabella Young
2025-10-22,"Demo row 295 - goal review for Lucas King",Lucas King
2025-10-23,"Demo row 296 - meeting recap for Amelia Scott",Amelia Scott
2025-10-24,"Demo row 297 - bug triage for Benjamin Wright",Benjamin Wright
2025-10-25,"Demo row 298 - habit tracker for Charlotte Green",Charlotte Green
2025-10-26,"Demo row 299 - brain dump for Henry Adams",Henry Adams
2025-10-27,"Demo row 300 - gratitude note for Harper Baker",Harper Baker
2025-10-28,"Demo row 301 - sprint update for Alice Chen",Alice Chen
2025-10-29,"Demo row 302 - coffee catch up for Bob Martinez",Bob Martinez
2025-10-30,"Demo row 303 - project status note for Sarah Kim",Sarah Kim
2025-10-31,"Demo row 304 - workout log for David Patel",David Patel
2025-11-01,"Demo row 305 - sleep reflection for Mia Johnson",Mia Johnson
2025-11-02,"Demo row 306 - career planning note for Noah Wilson",Noah Wilson
2025-11-03,"Demo row 307 - nutrition check in for Emma Davis",Emma Davis
2025-11-04,"Demo row 308 - weekly sync for Liam Brown",Liam Brown
2025-11-05,"Demo row 309 - offer research for Olivia Taylor",Olivia Taylor
2025-11-06,"Demo row 310 - relocation thoughts for Ethan Clark",Ethan Clark
2025-11-07,"Demo row 311 - budget review for Ava Moore",Ava Moore
2025-11-08,"Demo row 312 - reading note for Sophia Hall",Sophia Hall
2025-11-09,"Demo row 313 - family update for Jackson Lee",Jackson Lee
2025-11-10,"Demo row 314 - travel planning for Isabella Young",Isabella Young
2025-11-11,"Demo row 315 - goal review for Lucas King",Lucas King
2025-11-12,"Demo row 316 - meeting recap for Amelia Scott",Amelia Scott
2025-11-13,"Demo row 317 - bug triage for Benjamin Wright",Benjamin Wright
2025-11-14,"Demo row 318 - habit tracker for Charlotte Green",Charlotte Green
2025-11-15,"Demo row 319 - brain dump for Henry Adams",Henry Adams
2025-11-16,"Demo row 320 - gratitude note for Harper Baker",Harper Baker
2025-11-17,"Demo row 321 - sprint update for Alice Chen",Alice Chen
2025-11-18,"Demo row 322 - coffee catch up for Bob Martinez",Bob Martinez
2025-11-19,"Demo row 323 - project status note for Sarah Kim",Sarah Kim
2025-11-20,"Demo row 324 - workout log for David Patel",David Patel
2025-11-21,"Demo row 325 - sleep reflection for Mia Johnson",Mia Johnson
2025-11-22,"Demo row 326 - career planning note for Noah Wilson",Noah Wilson
2025-11-23,"Demo row 327 - nutrition check in for Emma Davis",Emma Davis
2025-11-24,"Demo row 328 - weekly sync for Liam Brown",Liam Brown
2025-11-25,"Demo row 329 - offer research for Olivia Taylor",Olivia Taylor
2025-11-26,"Demo row 330 - relocation thoughts for Ethan Clark",Ethan Clark
2025-11-27,"Demo row 331 - budget review for Ava Moore",Ava Moore
2025-11-28,"Demo row 332 - reading note for Sophia Hall",Sophia Hall
2025-11-29,"Demo row 333 - family update for Jackson Lee",Jackson Lee
2025-11-30,"Demo row 334 - travel planning for Isabella Young",Isabella Young
2025-12-01,"Demo row 335 - goal review for Lucas King",Lucas King
2025-12-02,"Demo row 336 - meeting recap for Amelia Scott",Amelia Scott
2025-12-03,"Demo row 337 - bug triage for Benjamin Wright",Benjamin Wright
2025-12-04,"Demo row 338 - habit tracker for Charlotte Green",Charlotte Green
2025-12-05,"Demo row 339 - brain dump for Henry Adams",Henry Adams
2025-12-06,"Demo row 340 - gratitude note for Harper Baker",Harper Baker
2025-12-07,"Demo row 341 - sprint update for Alice Chen",Alice Chen
2025-12-08,"Demo row 342 - coffee catch up for Bob Martinez",Bob Martinez
2025-12-09,"Demo row 343 - project status note for Sarah Kim",Sarah Kim
2025-12-10,"Demo row 344 - workout log for David Patel",David Patel
2025-12-11,"Demo row 345 - sleep reflection for Mia Johnson",Mia Johnson
2025-12-12,"Demo row 346 - career planning note for Noah Wilson",Noah Wilson
2025-12-13,"Demo row 347 - nutrition check in for Emma Davis",Emma Davis
2025-12-14,"Demo row 348 - weekly sync for Liam Brown",Liam Brown
2025-12-15,"Demo row 349 - offer research for Olivia Taylor",Olivia Taylor
2025-12-16,"Demo row 350 - relocation thoughts for Ethan Clark",Ethan Clark
2025-12-17,"Demo row 351 - budget review for Ava Moore",Ava Moore
2025-12-18,"Demo row 352 - reading note for Sophia Hall",Sophia Hall
2025-12-19,"Demo row 353 - family update for Jackson Lee",Jackson Lee
2025-12-20,"Demo row 354 - travel planning for Isabella Young",Isabella Young
2025-12-21,"Demo row 355 - goal review for Lucas King",Lucas King
2025-12-22,"Demo row 356 - meeting recap for Amelia Scott",Amelia Scott
2025-12-23,"Demo row 357 - bug triage for Benjamin Wright",Benjamin Wright
2025-12-24,"Demo row 358 - habit tracker for Charlotte Green",Charlotte Green
2025-12-25,"Demo row 359 - brain dump for Henry Adams",Henry Adams
2025-12-26,"Demo row 360 - gratitude note for Harper Baker",Harper Baker
2025-12-27,"Demo row 361 - sprint update for Alice Chen",Alice Chen
2025-12-28,"Demo row 362 - coffee catch up for Bob Martinez",Bob Martinez
2025-12-29,"Demo row 363 - project status note for Sarah Kim",Sarah Kim
2025-12-30,"Demo row 364 - workout log for David Patel",David Patel
2025-12-31,"Demo row 365 - sleep reflection for Mia Johnson",Mia Johnson
2026-01-01,"Demo row 366 - career planning note for Noah Wilson",Noah Wilson
2026-01-02,"Demo row 367 - nutrition check in for Emma Davis",Emma Davis
2026-01-03,"Demo row 368 - weekly sync for Liam Brown",Liam Brown
2026-01-04,"Demo row 369 - offer research for Olivia Taylor",Olivia Taylor
2026-01-05,"Demo row 370 - relocation thoughts for Ethan Clark",Ethan Clark
2026-01-06,"Demo row 371 - budget review for Ava Moore",Ava Moore
2026-01-07,"Demo row 372 - reading note for Sophia Hall",Sophia Hall
2026-01-08,"Demo row 373 - family update for Jackson Lee",Jackson Lee
2026-01-09,"Demo row 374 - travel planning for Isabella Young",Isabella Young
2026-01-10,"Demo row 375 - goal review for Lucas King",Lucas King
2026-01-11,"Demo row 376 - meeting recap for Amelia Scott",Amelia Scott
2026-01-12,"Demo row 377 - bug triage for Benjamin Wright",Benjamin Wright
2026-01-13,"Demo row 378 - habit tracker for Charlotte Green",Charlotte Green
2026-01-14,"Demo row 379 - brain dump for Henry Adams",Henry Adams
2026-01-15,"Demo row 380 - gratitude note for Harper Baker",Harper Baker
2026-01-16,"Demo row 381 - sprint update for Alice Chen",Alice Chen
2026-01-17,"Demo row 382 - coffee catch up for Bob Martinez",Bob Martinez
2026-01-18,"Demo row 383 - project status note for Sarah Kim",Sarah Kim
2026-01-19,"Demo row 384 - workout log for David Patel",David Patel
2026-01-20,"Demo row 385 - sleep reflection for Mia Johnson",Mia Johnson
2026-01-21,"Demo row 386 - career planning note for Noah Wilson",Noah Wilson
2026-01-22,"Demo row 387 - nutrition check in for Emma Davis",Emma Davis
2026-01-23,"Demo row 388 - weekly sync for Liam Brown",Liam Brown
2026-01-24,"Demo row 389 - offer research for Olivia Taylor",Olivia Taylor
2026-01-25,"Demo row 390 - relocation thoughts for Ethan Clark",Ethan Clark
2026-01-26,"Demo row 391 - budget review for Ava Moore",Ava Moore
2026-01-27,"Demo row 392 - reading note for Sophia Hall",Sophia Hall
2026-01-28,"Demo row 393 - family update for Jackson Lee",Jackson Lee
2026-01-29,"Demo row 394 - travel planning for Isabella Young",Isabella Young
2026-01-30,"Demo row 395 - goal review for Lucas King",Lucas King
2026-01-31,"Demo row 396 - meeting recap for Amelia Scott",Amelia Scott
2026-02-01,"Demo row 397 - bug triage for Benjamin Wright",Benjamin Wright
2026-02-02,"Demo row 398 - habit tracker for Charlotte Green",Charlotte Green
2026-02-03,"Demo row 399 - brain dump for Henry Adams",Henry Adams
2026-02-04,"Demo row 400 - gratitude note for Harper Baker",Harper Baker
2026-02-05,"Demo row 401 - sprint update for Alice Chen",Alice Chen
2026-02-06,"Demo row 402 - coffee catch up for Bob Martinez",Bob Martinez
2026-02-07,"Demo row 403 - project status note for Sarah Kim",Sarah Kim
2026-02-08,"Demo row 404 - workout log for David Patel",David Patel
2026-02-09,"Demo row 405 - sleep reflection for Mia Johnson",Mia Johnson
2026-02-10,"Demo row 406 - career planning note for Noah Wilson",Noah Wilson
2026-02-11,"Demo row 407 - nutrition check in for Emma Davis",Emma Davis
2026-02-12,"Demo row 408 - weekly sync for Liam Brown",Liam Brown
2026-02-13,"Demo row 409 - offer research for Olivia Taylor",Olivia Taylor
2026-02-14,"Demo row 410 - relocation thoughts for Ethan Clark",Ethan Clark
2026-02-15,"Demo row 411 - budget review for Ava Moore",Ava Moore
2026-02-16,"Demo row 412 - reading note for Sophia Hall",Sophia Hall
2026-02-17,"Demo row 413 - family update for Jackson Lee",Jackson Lee
2026-02-18,"Demo row 414 - travel planning for Isabella Young",Isabella Young
2026-02-19,"Demo row 415 - goal review for Lucas King",Lucas King
2026-02-20,"Demo row 416 - meeting recap for Amelia Scott",Amelia Scott
2026-02-21,"Demo row 417 - bug triage for Benjamin Wright",Benjamin Wright
2026-02-22,"Demo row 418 - habit tracker for Charlotte Green",Charlotte Green
2026-02-23,"Demo row 419 - brain dump for Henry Adams",Henry Adams
2026-02-24,"Demo row 420 - gratitude note for Harper Baker",Harper Baker
2026-02-25,"Demo row 421 - sprint update for Alice Chen",Alice Chen
2026-02-26,"Demo row 422 - coffee catch up for Bob Martinez",Bob Martinez
2026-02-27,"Demo row 423 - project status note for Sarah Kim",Sarah Kim
2026-02-28,"Demo row 424 - workout log for David Patel",David Patel
2026-03-01,"Demo row 425 - sleep reflection for Mia Johnson",Mia Johnson
2026-03-02,"Demo row 426 - career planning note for Noah Wilson",Noah Wilson
2026-03-03,"Demo row 427 - nutrition check in for Emma Davis",Emma Davis
2026-03-04,"Demo row 428 - weekly sync for Liam Brown",Liam Brown
2026-03-05,"Demo row 429 - offer research for Olivia Taylor",Olivia Taylor
2026-03-06,"Demo row 430 - relocation thoughts for Ethan Clark",Ethan Clark
2026-03-07,"Demo row 431 - budget review for Ava Moore",Ava Moore
2026-03-08,"Demo row 432 - reading note for Sophia Hall",Sophia Hall
2026-03-09,"Demo row 433 - family update for Jackson Lee",Jackson Lee
2026-03-10,"Demo row 434 - travel planning for Isabella Young",Isabella Young
2026-03-11,"Demo row 435 - goal review for Lucas King",Lucas King
2026-03-12,"Demo row 436 - meeting recap for Amelia Scott",Amelia Scott
2026-03-13,"Demo row 437 - bug triage for Benjamin Wright",Benjamin Wright
2026-03-14,"Demo row 438 - habit tracker for Charlotte Green",Charlotte Green
2026-03-15,"Demo row 439 - brain dump for Henry Adams",Henry Adams
2026-03-16,"Demo row 440 - gratitude note for Harper Baker",Harper Baker
2026-03-17,"Demo row 441 - sprint update for Alice Chen",Alice Chen
2026-03-18,"Demo row 442 - coffee catch up for Bob Martinez",Bob Martinez
2026-03-19,"Demo row 443 - project status note for Sarah Kim",Sarah Kim
2026-03-20,"Demo row 444 - workout log for David Patel",David Patel
2026-03-21,"Demo row 445 - sleep reflection for Mia Johnson",Mia Johnson
2026-03-22,"Demo row 446 - career planning note for Noah Wilson",Noah Wilson
2026-03-23,"Demo row 447 - nutrition check in for Emma Davis",Emma Davis
2026-03-24,"Demo row 448 - weekly sync for Liam Brown",Liam Brown
2026-03-25,"Demo row 449 - offer research for Olivia Taylor",Olivia Taylor
2026-03-26,"Demo row 450 - relocation thoughts for Ethan Clark",Ethan Clark
2026-03-27,"Demo row 451 - budget review for Ava Moore",Ava Moore
2026-03-28,"Demo row 452 - reading note for Sophia Hall",Sophia Hall
2026-03-29,"Demo row 453 - family update for Jackson Lee",Jackson Lee
2026-03-30,"Demo row 454 - travel planning for Isabella Young",Isabella Young
2026-03-31,"Demo row 455 - goal review for Lucas King",Lucas King
2026-04-01,"Demo row 456 - meeting recap for Amelia Scott",Amelia Scott
2026-04-02,"Demo row 457 - bug triage for Benjamin Wright",Benjamin Wright
2026-04-03,"Demo row 458 - habit tracker for Charlotte Green",Charlotte Green
2026-04-04,"Demo row 459 - brain dump for Henry Adams",Henry Adams
2026-04-05,"Demo row 460 - gratitude note for Harper Baker",Harper Baker
2026-04-06,"Demo row 461 - sprint update for Alice Chen",Alice Chen
2026-04-07,"Demo row 462 - coffee catch up for Bob Martinez",Bob Martinez
2026-04-08,"Demo row 463 - project status note for Sarah Kim",Sarah Kim
2026-04-09,"Demo row 464 - workout log for David Patel",David Patel
2026-04-10,"Demo row 465 - sleep reflection for Mia Johnson",Mia Johnson
2026-04-11,"Demo row 466 - career planning note for Noah Wilson",Noah Wilson
2026-04-12,"Demo row 467 - nutrition check in for Emma Davis",Emma Davis
2026-04-13,"Demo row 468 - weekly sync for Liam Brown",Liam Brown
2026-04-14,"Demo row 469 - offer research for Olivia Taylor",Olivia Taylor
2026-04-15,"Demo row 470 - relocation thoughts for Ethan Clark",Ethan Clark
2026-04-16,"Demo row 471 - budget review for Ava Moore",Ava Moore
2026-04-17,"Demo row 472 - reading note for Sophia Hall",Sophia Hall
2026-04-18,"Demo row 473 - family update for Jackson Lee",Jackson Lee
2026-04-19,"Demo row 474 - travel planning for Isabella Young",Isabella Young
2026-04-20,"Demo row 475 - goal review for Lucas King",Lucas King
2026-04-21,"Demo row 476 - meeting recap for Amelia Scott",Amelia Scott
2026-04-22,"Demo row 477 - bug triage for Benjamin Wright",Benjamin Wright
2026-04-23,"Demo row 478 - habit tracker for Charlotte Green",Charlotte Green
2026-04-24,"Demo row 479 - brain dump for Henry Adams",Henry Adams
2026-04-25,"Demo row 480 - gratitude note for Harper Baker",Harper Baker
2026-04-26,"Demo row 481 - sprint update for Alice Chen",Alice Chen
2026-04-27,"Demo row 482 - coffee catch up for Bob Martinez",Bob Martinez
2026-04-28,"Demo row 483 - project status note for Sarah Kim",Sarah Kim
2026-04-29,"Demo row 484 - workout log for David Patel",David Patel
2026-04-30,"Demo row 485 - sleep reflection for Mia Johnson",Mia Johnson
2026-05-01,"Demo row 486 - career planning note for Noah Wilson",Noah Wilson
2026-05-02,"Demo row 487 - nutrition check in for Emma Davis",Emma Davis
2026-05-03,"Demo row 488 - weekly sync for Liam Brown",Liam Brown
2026-05-04,"Demo row 489 - offer research for Olivia Taylor",Olivia Taylor
2026-05-05,"Demo row 490 - relocation thoughts for Ethan Clark",Ethan Clark
2026-05-06,"Demo row 491 - budget review for Ava Moore",Ava Moore
2026-05-07,"Demo row 492 - reading note for Sophia Hall",Sophia Hall
2026-05-08,"Demo row 493 - family update for Jackson Lee",Jackson Lee
2026-05-09,"Demo row 494 - travel planning for Isabella Young",Isabella Young
2026-05-10,"Demo row 495 - goal review for Lucas King",Lucas King
2026-05-11,"Demo row 496 - meeting recap for Amelia Scott",Amelia Scott
2026-05-12,"Demo row 497 - bug triage for Benjamin Wright",Benjamin Wright
2026-05-13,"Demo row 498 - habit tracker for Charlotte Green",Charlotte Green
2026-05-14,"Demo row 499 - brain dump for Henry Adams",Henry Adams
2026-05-15,"Demo row 500 - gratitude note for Harper Baker",Harper Baker
